{"loss": [19.249348958333332, 22.40021534455128, 11.772397085336538, 9.179551031650641, 10.056441556490384, 9.205279697516026, 9.305563276241987, 8.409058869190705, 8.889893830128205, 6.183668244190705, 7.450390625, 7.370527844551282, 6.95276129306891, 6.661319986979167, 6.140131084735577, 5.4383019080528845, 6.824379006410257, 7.774471654647436, 6.1346905048076925, 5.756069085536859, 5.1826256385216345, 4.849037209535257, 4.313501602564102, 4.7123181465344555, 4.4150328024839745, 4.120315317007211, 5.644303385416666, 4.801627604166667, 4.508834760616987, 4.089125100160256, 4.5600263546674675, 3.677302746895032, 3.8286283052884613, 4.101488944811699, 4.441826923076923, 3.4759393154046476, 3.985796336638622, 3.6869027944711537, 4.3757408728966345, 3.7227044521233976, 3.2444195087139422, 3.579536633613782, 3.3848097581129806, 4.153670247395834, 3.1573214017427884, 2.8569263947315706, 3.222479717548077, 2.6189413999899838, 2.7103058643830127, 2.6866057567107373, 2.5659038837139425, 2.81415045322516, 2.4218660794771636, 2.342124430338542, 2.6938529772636217, 2.2746087489983973, 2.2458510178786057, 2.090571789863782, 2.279991893279247, 2.0785563151041666, 2.1702664888822114, 2.139454533503606, 1.9221698467548076, 1.9244499010917469, 1.856156256260016, 1.8888036483373398, 1.8306416829427083, 1.7330314440604968, 1.7136402619190705, 1.7016548352363783, 1.6900631635616987, 1.710365960536859, 1.7291812212039264, 1.654044439853766, 1.6374397473457531, 1.6679825220352564, 1.6809729942908653, 1.7209449181189904, 1.60521240234375, 1.6963652781951122], "mae": [3.133321752303686, 3.246748547676282, 2.412543507111378, 2.135050768729968, 2.2627616686698717, 2.1382103553185097, 2.274583239433093, 2.1092510516826923, 2.1226298014322915, 1.7167205028044872, 1.9453214205228366, 1.8984334309895834, 1.8306114783653846, 1.7278396997696315, 1.6976435734675481, 1.5965532351762821, 1.7734833546173878, 1.8688075921474359, 1.7724759615384615, 1.6242401905548878, 1.6159259502704326, 1.5292735564403044, 1.4173798389923877, 1.515806383964343, 1.4369671161358173, 1.4141670422676282, 1.7060745630508813, 1.5986055814302884, 1.4490641276041667, 1.3851781600560897, 1.4074239095052083, 1.3199459760616987, 1.3293482071314102, 1.4009476099258815, 1.5268653282752405, 1.2892186091496394, 1.3391670422676283, 1.2592886117788462, 1.4066002478966346, 1.2890977908403445, 1.221639153896234, 1.2493142934945913, 1.2681002885867387, 1.3802587264623398, 1.1543514936398238, 1.0945566813151042, 1.2028800768729968, 1.0693099584334935, 1.0540979629907852, 1.0568640293219151, 1.0689420259915865, 1.0626688639322917, 1.016495376978165, 0.9862193572215545, 1.0301557491987179, 0.9486093374399038, 0.9410350310496794, 0.9015007605919472, 0.9372089092548077, 0.891717294546274, 0.9535769731570513, 0.9098245474008414, 0.8545783409705529, 0.8526393010066106, 0.8323897924178686, 0.8385012895633013, 0.8202694623898237, 0.8035135122445913, 0.7903232672275641, 0.7823722643729968, 0.8019053141276041, 0.7825243045122195, 0.8058126596304086, 0.7552858010316507, 0.7539355155749199, 0.7581637651492388, 0.7604690943008814, 0.8024436755058093, 0.7475150866386218, 0.784388928535657]}