{"loss": [19.025615692138672, 22.0759760538737, 12.612782796223959, 10.308725992838541, 11.32983144124349, 10.294580459594727, 10.295916239420572, 10.043670654296875, 10.431378046671549, 7.996588389078776, 9.140084584554037, 10.06717618306478, 8.828425089518229, 10.070517857869467, 8.240897496541342, 8.3033078511556, 8.62968381245931, 8.958661397298178, 8.214162190755209, 7.431610107421875, 7.6066335042317705, 7.867747624715169, 6.73399035135905, 7.864559173583984, 7.171609878540039, 6.439725240071614, 7.731573104858398, 6.680347442626953, 7.155227025349935, 6.253336588541667, 7.509454091389974, 7.026227315266927, 6.361854553222656, 7.264980316162109, 7.0435746510823565, 6.328217188517253, 7.729698816935222, 6.971473058064778, 7.9667612711588545, 6.824897766113281, 6.751716613769531, 6.926911036173503, 6.356414794921875, 7.804887135823567, 7.070842107137044, 5.73329480489095, 6.536362330118815, 5.692429860432942, 5.959862391153972, 5.86189079284668, 6.261617660522461, 5.7319590250651045, 5.445234298706055, 5.433488845825195, 5.776208241780599, 5.907951354980469, 5.735700607299805, 5.879956563313802, 5.98615837097168, 5.397124608357747, 6.014750798543294, 6.379933675130208, 5.851310729980469, 5.595592498779297, 5.627806981404622, 5.4163468678792315, 5.436906178792317, 5.389794667561849, 5.568408330281575, 5.502641042073567, 5.400796890258789, 5.368683497111003, 5.419074376424153, 5.514757792154948, 5.456747055053711, 5.452714284261067, 5.432370503743489, 5.391541798909505, 5.40304692586263, 5.55052121480306], "mae": [3.0597928365071616, 3.166474978129069, 2.4441383679707847, 2.305205980936686, 2.4217371940612793, 2.2129133542378745, 2.4238527615865073, 2.277832349141439, 2.2659969329833984, 1.9318111737569172, 2.106677532196045, 2.0827579498291016, 1.9944135348002117, 1.958194891611735, 1.9055147171020508, 1.8759026527404785, 2.016990820566813, 2.0412114461263022, 2.0073822339375815, 1.751827557881673, 1.8196752866109211, 1.795769214630127, 1.6686731974283855, 1.8277864456176758, 1.736300786336263, 1.7199093500773113, 1.9514061609903972, 1.8181392351786296, 1.7315001487731934, 1.6912840207417805, 1.7222197850545247, 1.736194133758545, 1.605561892191569, 1.7753111521402996, 1.8621594111124675, 1.6188863118489583, 1.755401611328125, 1.6635823249816895, 1.765299638112386, 1.6631320317586262, 1.6430939038594563, 1.6524852116902669, 1.6308700243632, 1.8064875602722168, 1.6222364107767742, 1.5347946484883626, 1.6543259620666504, 1.5327369372049968, 1.5029738744099934, 1.5179661115010579, 1.5987095832824707, 1.5093021392822266, 1.4670117696126301, 1.431937535603841, 1.4975829124450684, 1.5019877751668294, 1.435509204864502, 1.4602392514546711, 1.4933422406514485, 1.4294538497924805, 1.567685604095459, 1.535702069600423, 1.4689850807189941, 1.4345637957255046, 1.4221494992574055, 1.4207086563110352, 1.4154712359110515, 1.394240379333496, 1.3862884839375813, 1.410996913909912, 1.3904980023701985, 1.4013934135437012, 1.3949081103007, 1.3913087844848633, 1.3785600662231445, 1.378339449564616, 1.3944659233093262, 1.3972071011861165, 1.371324857076009, 1.4169580141703289]}