{"loss": [43.92032368977865, 41.2698008219401, 24.84229278564453, 25.39171091715495, 13.136150360107422, 13.559913635253906, 11.620731353759766, 9.675242106119791, 9.50546900431315, 9.011973063151041, 11.8872439066569, 8.214328130086264, 9.31875991821289, 8.018363316853842, 10.428637186686197, 7.644633611043294, 6.999702453613281, 8.39184315999349, 7.965256373087565, 9.186288197835287, 8.242039362589518, 7.119345982869466, 8.326845169067383, 7.616308848063151, 6.718403498331706, 8.372177124023438, 7.265041987101237, 7.678382873535156, 7.621879577636719, 7.743783950805664, 6.825808207194011, 7.397846857706706, 8.020291646321615, 7.126954396565755, 8.321214040120443, 6.852921803792317, 6.8010711669921875, 6.662107467651367, 6.7101395924886065, 6.014413833618164, 6.406167348225911, 5.994482676188151, 7.514837265014648, 6.268143971761067, 6.576709111531575, 6.580464045206706, 6.361791610717773, 6.436892827351888, 6.664244333902995, 6.107328414916992, 7.151669820149739, 5.8851877848307295, 5.8667348225911455, 5.621931076049805, 5.839255015055339, 5.7925465901692705, 5.763500213623047, 6.04179318745931, 5.569437026977539, 5.638133366902669, 5.615336736043294, 6.059146881103516, 6.014304478963216, 5.866771062215169, 5.723089853922526, 5.710180918375651, 6.035505930582683, 6.1271209716796875, 5.908331553141276, 5.662375768025716, 5.686850229899089, 5.744934717814128, 5.90493647257487, 5.773347854614258, 5.634681701660156, 5.67881457010905, 5.597962061564128, 5.7170155843098955, 5.602413813273112, 5.566738764444987], "mae": [4.409058252970378, 4.456875165303548, 3.528845469156901, 3.500499725341797, 2.49637778600057, 2.507343610127767, 2.3963027000427246, 2.2643728256225586, 2.1164749463399253, 2.15263032913208, 2.2866689364115396, 1.9783302942911785, 2.126365820566813, 1.9426668485005696, 2.1259407997131348, 1.9330851236979167, 1.7820239067077637, 1.9446172714233398, 1.867143948872884, 1.9891746838887532, 1.949276288350423, 1.7654999097188313, 1.9400757153828938, 1.8502580324808757, 1.723786989847819, 1.8360756238301594, 1.7863845825195312, 1.8138008117675781, 1.8216252326965332, 1.708171049753825, 1.6783545811971028, 1.6761126518249512, 1.8410150210062664, 1.7197577158610027, 1.814547856648763, 1.6120058695475261, 1.66403595606486, 1.6011624336242676, 1.6165552139282227, 1.637171745300293, 1.574859619140625, 1.5198326110839844, 1.8268818855285645, 1.6146750450134277, 1.611864407857259, 1.6135962804158528, 1.6425220171610515, 1.6140254338582356, 1.5732801755269368, 1.5058258374532063, 1.659017562866211, 1.5071126619974773, 1.5236881573994954, 1.5082834561665852, 1.4787683486938477, 1.4766755104064941, 1.4940080642700195, 1.536426067352295, 1.4630943934122722, 1.4455862045288086, 1.4682995478312175, 1.5343014399210613, 1.4695536295572917, 1.4569183985392253, 1.440200964609782, 1.4874076843261719, 1.4727261861165364, 1.4710704485575359, 1.4257912635803223, 1.4282023111979167, 1.4472324053446453, 1.4489178657531738, 1.4665759404500325, 1.4661736488342285, 1.4254363377888997, 1.4152803421020508, 1.4182999928792317, 1.4296251932779949, 1.4114152590433757, 1.4209485054016113]}