{"loss": [47.604657451923075, 43.61302083333333, 25.30115184294872, 25.671717247596153, 12.671996444310897, 12.969118088942308, 10.95331280048077, 8.667859199719551, 7.918428861177885, 7.403226412259615, 9.836656149839744, 6.531422776442308, 8.057626577524038, 6.400717397836538, 9.272743890224358, 6.014137620192308, 5.360634515224359, 5.8358148036858974, 5.456143579727564, 7.614713541666666, 5.168417280148237, 4.721834935897436, 5.6688232421875, 5.6276160606971155, 4.47160394130609, 5.536309344951923, 4.718913699419071, 5.427470202323718, 4.699969638922275, 4.10026354667468, 4.257174291366186, 3.9247855944511216, 4.665636268028846, 4.589285356570513, 6.263087815504807, 4.012228628305288, 4.000296411758814, 3.7630774864783656, 3.519267390324519, 3.6209103315304487, 3.309551845452724, 3.3424432216546474, 3.8261568509615387, 3.1430047450921474, 3.1169796674679486, 3.4638862805488784, 3.4543532151442307, 3.036073029346955, 3.2776138696915065, 2.9721560747195515, 3.3066697340745193, 2.7054346329126604, 2.734140875400641, 2.734019118088942, 2.5278134077023235, 2.7942921173878204, 2.482305908203125, 2.5555291591546476, 2.553374461638622, 2.4488192044771635, 2.4303585737179487, 2.4576739971454327, 2.2894881810897436, 2.3041644756610578, 2.2522409292367787, 2.4260117750901444, 2.3068885216346153, 2.2939442169971955, 2.190238287510016, 2.209303009815705, 2.18954342573117, 2.1367059169671476, 2.1938575157752402, 2.174557573367388, 2.109669846754808, 2.087323780548878, 2.135690698868189, 1.9729733198116988, 2.0909941844451123, 2.1581289438100963], "mae": [4.5880126953125, 4.614780836838943, 3.5981385842347757, 3.595381360176282, 2.467693622295673, 2.5196971404246793, 2.3671890650040064, 2.1039247170472755, 2.000412065554888, 1.9724232209034456, 2.137052252353766, 1.8109853891225962, 2.0298385228866187, 1.7431241548978365, 2.102814190204327, 1.7228956956129808, 1.5901173127003205, 1.6877605731670673, 1.6305446526943108, 1.7562503130008014, 1.6086895282451923, 1.5202007587139423, 1.6242483285757212, 1.6243821364182693, 1.455661401993189, 1.5708741799379007, 1.475923821864984, 1.566847424629407, 1.5211284930889424, 1.3357285719651442, 1.4191778720953525, 1.289378161308093, 1.5027231069711537, 1.4419133112980769, 1.660293187850561, 1.3113967504256812, 1.3402904021434294, 1.2837982177734375, 1.2491212502504005, 1.3147681603064905, 1.201547084710537, 1.194565210586939, 1.3767485789763623, 1.1830535888671876, 1.1462188720703126, 1.2072903364132612, 1.2569153614533253, 1.113614752353766, 1.165414506961138, 1.1209351368439504, 1.1796397673778045, 1.0539380195813302, 1.055773456280048, 1.0730158096704727, 1.0006819504957933, 1.0441230969551283, 0.9801070775741186, 1.012042471078726, 0.9924742869841747, 0.9780251527443911, 0.9730804443359375, 0.9963326478615785, 0.9282781356420272, 0.9334910857371795, 0.9220893272986779, 0.9681003668369391, 0.9226752647986779, 0.9134282821264023, 0.8873735476762821, 0.9049573066907052, 0.9014189891326122, 0.8821016751802885, 0.909165289463141, 0.9057332356770833, 0.8752776317107371, 0.8698204627403846, 0.9051132593399439, 0.8572318052634215, 0.8747920892177484, 0.8975135998848157]}