{"loss": [28.394325256347656, 16.922657012939453, 15.78631846110026, 10.302599589029947, 17.29067866007487, 10.504400253295898, 9.620464324951172, 9.476808547973633, 8.818633397420248, 12.552898406982422, 9.91708501180013, 8.81085205078125, 8.010780334472656, 7.446599960327148, 8.645733515421549, 7.583144505818685, 19.156241099039715, 9.25683339436849, 7.510659535725911, 7.914966583251953, 10.79446029663086, 6.932270050048828, 8.319789250691732, 7.410852432250977, 7.010810852050781, 7.1237538655598955, 9.09597396850586, 6.594972610473633, 7.549390157063802, 8.071242650349935, 7.011986414591472, 6.822446823120117, 6.613569895426433, 8.771554946899414, 8.17579460144043, 6.760896682739258, 8.071750005086264, 8.0328737894694, 7.073107401529948, 8.563449223836264, 7.220055262247722, 7.092845916748047, 5.772154490152995, 6.39890988667806, 6.029589970906575, 6.470518747965495, 6.665639877319336, 6.130460739135742, 6.024621963500977, 6.030189514160156, 6.178771336873372, 5.7168121337890625, 5.938508987426758, 5.327870051066081, 5.407526016235352, 5.631629308064778, 5.750372568766276, 5.647722880045573, 5.823092778523763, 6.416807810465495, 5.795508702596028, 5.757306416829427, 5.666943232218425, 5.909376780192058, 5.678660710652669, 5.48078982035319, 5.3961226145426435, 5.723008473714192, 5.459955215454102, 5.402049382527669, 5.231677055358887, 5.471794764200847, 5.5768381754557295, 5.490612030029297, 5.536242802937825, 5.393842697143555, 5.544675827026367, 5.25062910715739, 5.383620580037435, 5.625006357828776], "mae": [3.751819610595703, 2.779499053955078, 2.658013343811035, 2.300304571787516, 2.996758778889974, 2.1977829933166504, 2.185490290323893, 2.128085454305013, 2.1090591748555503, 2.220162868499756, 2.221726735432943, 2.024434248606364, 1.8746782938639324, 1.79928191502889, 1.901171048482259, 1.8236854871114094, 2.341024398803711, 2.0006200472513833, 1.8446882565816243, 1.8128856023152669, 2.1227025985717773, 1.7626460393269856, 1.9640393257141113, 1.7561424573262532, 1.6472075780232747, 1.7135709126790364, 1.929704984029134, 1.6618502934773762, 1.798914114634196, 1.8195713361104329, 1.680827299753825, 1.6883344650268555, 1.6479318936665852, 1.9154057502746582, 1.8291541735331218, 1.6688977877298992, 1.9366785685221355, 1.6682672500610352, 1.6390183766682942, 1.9809885025024414, 1.650561014811198, 1.6202034950256348, 1.515154202779134, 1.5914649963378906, 1.5092748006184895, 1.4915199279785156, 1.5410464604695637, 1.4800136884053547, 1.5032874743143718, 1.5058789253234863, 1.5731504758199055, 1.5370799700419109, 1.502914587656657, 1.4446131388346355, 1.4880447387695312, 1.440780798594157, 1.4895490010579426, 1.468112309773763, 1.4459946950276692, 1.5314971605936687, 1.42217222849528, 1.488134543100993, 1.4851570129394531, 1.4068910280863445, 1.4023551940917969, 1.4409186045328777, 1.393163522084554, 1.412126064300537, 1.4062199592590332, 1.38531494140625, 1.3463861147562664, 1.3885116577148438, 1.3631966908772786, 1.3692784309387207, 1.3773608207702637, 1.3594872156778972, 1.3711854616800945, 1.389963150024414, 1.3824574152628581, 1.384426434834798]}