{"loss": [29.196847455929486, 16.947429637419873, 15.016015625, 9.043669871794872, 16.365613731971155, 9.050354316907052, 8.633057892628205, 7.959651692708333, 7.759633538661859, 10.526263271233974, 8.417153069911858, 7.241574018429487, 6.002114633413462, 5.669732822516026, 6.698365509815705, 5.86972155448718, 20.172904146634615, 5.691960887419872, 5.968666115785257, 5.69430901943109, 7.409937775440705, 5.022578938802083, 6.3455747946714745, 5.019457381810898, 4.429701272035256, 4.097258112980769, 5.827458308293269, 4.052247032752404, 5.014818396935096, 5.243374399038461, 3.741816907051282, 3.931038098457532, 3.5814960186298075, 5.225614420572916, 4.9586119040464745, 4.56668200370593, 5.106799942407853, 3.9663655598958334, 3.4131751427283654, 4.786789175180289, 3.911455516326122, 3.454745092147436, 3.218655473758013, 3.0904312525040063, 3.0487110627003204, 2.8044540014022434, 3.031817783453526, 2.6523255959535255, 2.5577891814403046, 2.7030411157852563, 2.7783343975360575, 2.645401079226763, 2.49541500776242, 2.529432873848157, 2.521785638271234, 2.3324093549679485, 2.1647215231870995, 2.205150897686298, 2.0763280623998397, 2.37253668369391, 1.9905008951822916, 2.2192238832131412, 2.048816387469952, 1.7833688589242789, 1.8484393780048076, 1.840229992988782, 1.7687041453826122, 1.6951649201221954, 1.7230162009214745, 1.7093174078525641, 1.6507776504907852, 1.6666898287259615, 1.6139679737580128, 1.5915075057592147, 1.6108988444010417, 1.609557635967548, 1.5994862091846955, 1.7476795685596955, 1.6856978978866186, 1.5921480618990385], "mae": [3.845759465144231, 2.8247949844751603, 2.622708990635016, 2.1530270307491985, 2.955336037660256, 2.0497882549579325, 2.0096232096354165, 2.002638283754006, 1.943910412910657, 2.061714680989583, 2.0823555188301284, 1.849066162109375, 1.6930429311899038, 1.6141241611578525, 1.7428491836939102, 1.5685557830028045, 2.2090103540665065, 1.668722925430689, 1.664245135967548, 1.6030622433393429, 1.8599429399539262, 1.5590443146534456, 1.7693839831229967, 1.513158710186298, 1.464310553135016, 1.369075677333734, 1.6331674429086538, 1.3439155774238782, 1.540085699619391, 1.5440144856770834, 1.3014488024589344, 1.345192620693109, 1.2820076966897036, 1.5769766000600962, 1.4141927083333334, 1.405963134765625, 1.607301526191907, 1.2938871726011618, 1.2439742650741186, 1.6185147798978365, 1.3160771296574518, 1.210232387444912, 1.193997035882412, 1.1642401279547276, 1.1079022529797675, 1.055340810922476, 1.114093017578125, 1.0287371513171073, 1.0258406419020432, 1.042250726161859, 1.1055516952123396, 1.1007007305438703, 1.0177352514022435, 0.9939280974559295, 1.0631370348808094, 0.9585750482021234, 0.9186294164413061, 0.9359241974659455, 0.8895267584385016, 0.9557196201422276, 0.8799609061999198, 1.022257330478766, 0.9350929455879408, 0.819093518379407, 0.8426753899989984, 0.8453627366286057, 0.8046710674579327, 0.7954401260767228, 0.7908461350661058, 0.7900940723908253, 0.7591798440004006, 0.7673016670422677, 0.753230246519431, 0.7506037002954727, 0.7482742700821314, 0.7543130727914663, 0.7654422857822516, 0.8367869841746794, 0.7979708158052885, 0.7389075646033654]}