{"loss": [29.763131009615385, 17.522798978365383, 12.991060697115385, 9.81591796875, 9.103277118389423, 8.207015599959936, 7.18781988681891, 7.9544264573317305, 8.107140174278847, 12.298205879407051, 6.954266200921475, 6.199501702724359, 7.5042956229967945, 8.115116686698718, 5.465156750801282, 5.264164538261218, 5.696063701923077, 5.813457782451923, 5.477182867588141, 4.809675793770032, 5.0661909054487175, 6.108016576522436, 5.371673427483974, 4.4283882336738785, 5.170598582732372, 4.306738594250802, 4.371762945713141, 4.283124248798077, 4.1073354867788465, 4.613534467648237, 3.8215303861177885, 5.918079552283654, 4.0621162610176285, 4.237266501402243, 3.720771046173878, 3.341377453926282, 3.7565989958934294, 3.114561736278045, 3.311143767528045, 3.759718361879006, 3.2537826146834936, 2.886225773737981, 2.963426482371795, 2.650847606169872, 2.8603374774639425, 2.721937600160256, 2.8086729392027245, 2.583630214593349, 2.4886300893930287, 3.214655010516827, 2.358599071013622, 2.7615406525440704, 2.3186427972255608, 2.211538774539263, 2.179881873497596, 2.220127986027644, 2.4239483173076923, 2.0138302534054486, 2.0813863118489584, 2.0348045935997594, 2.2180311936598556, 1.8995436448317307, 1.8309122721354167, 1.9176789112580128, 1.8210452348758013, 1.7714134803185095, 1.9412195450220353, 1.7333162747896635, 1.6521578275240385, 1.682953350360577, 1.6463059645432692, 1.6277686485877403, 1.620177753155048, 1.627475366836939, 1.6260263296274038, 1.5840583996895032, 1.8004737267127404, 1.5939737955729167, 1.648802458934295, 1.6179419884314903], "mae": [3.8750882662259616, 2.9675411909054485, 2.5750568096454325, 2.2015357384314904, 2.1265346429286858, 2.0348762707832533, 1.9635673327323717, 2.021089837489984, 2.054044439853766, 2.6489473783052886, 1.815536890274439, 1.6928930038060896, 1.916640844100561, 1.9441753680889422, 1.61221923828125, 1.6227283966846955, 1.6962579189202724, 1.61971435546875, 1.5564280974559295, 1.462602038261218, 1.6674353966346154, 1.860414319160657, 1.5472718850160256, 1.4430311936598557, 1.5638890975560897, 1.39176510541867, 1.4111741286057693, 1.4271770770733172, 1.3773309169671475, 1.5239525428185097, 1.2981270032051282, 1.5630751389723558, 1.3320384490184294, 1.332250507061298, 1.3281685071113782, 1.2277623103215145, 1.3435246394230769, 1.154154537885617, 1.210891332381811, 1.3212665264423078, 1.2055380014272836, 1.1131214630909456, 1.1390560834835737, 1.042313013321314, 1.0938395182291667, 1.0796459491436299, 1.1014175806290065, 1.0493285350310497, 1.0508416591546474, 1.1326016939603365, 1.0197091127053286, 1.112707284780649, 0.9558359781901041, 0.9369147667518029, 0.952732418744992, 0.9423454089042468, 1.021388909755609, 0.8939540765224359, 0.8984648093199119, 0.8819368020082131, 0.9728221404246795, 0.8514725905198317, 0.8456222925430689, 0.8758094200721154, 0.8167407696063702, 0.8169424203725961, 0.9116178854917869, 0.790633059770633, 0.7786012307191507, 0.7992865146734776, 0.7609116774338942, 0.76197509765625, 0.7527518247946715, 0.7543806809645432, 0.7833233173076923, 0.7430794740334535, 0.8243012257111378, 0.7438850598457533, 0.7755446213942307, 0.7538199400290465]}