{"loss": [29.098739624023438, 17.361413319905598, 13.773493448893229, 10.475515365600586, 10.033686319986979, 9.329366683959961, 8.887823740641275, 10.108083724975586, 10.435782750447592, 13.437433878580729, 9.760112762451172, 7.866804758707683, 9.669075012207031, 9.484888712565104, 8.04791005452474, 7.356157938639323, 9.199656168619791, 9.863166173299154, 9.089940388997396, 7.479379018147786, 7.381014506022136, 9.110187530517578, 7.652153650919597, 6.885329564412435, 7.380855560302734, 7.3957875569661455, 7.1452210744222, 7.443675359090169, 7.456814448038737, 7.663394292195638, 6.646972020467122, 7.978275299072266, 7.3182525634765625, 7.212116877237956, 7.358270645141602, 6.4296919504801435, 6.151966730753581, 6.165009180704753, 6.098610560099284, 6.740650177001953, 6.580544789632161, 5.978050867716472, 6.017993927001953, 6.46015739440918, 5.808988571166992, 5.888059616088867, 5.8925126393636065, 5.775997161865234, 5.797040939331055, 6.474823633829753, 5.57940673828125, 5.926916122436523, 6.002888361612956, 5.629891713460286, 5.8010711669921875, 5.8121077219645185, 5.873009999593099, 5.669451395670573, 5.772563934326172, 6.054648717244466, 5.652870178222656, 5.271022796630859, 5.596048355102539, 5.317251205444336, 5.459275563557942, 5.21989631652832, 5.332364082336426, 5.259401957194011, 5.220770517985026, 5.200784365336101, 5.277458190917969, 5.244448026021321, 5.3722686767578125, 5.323978424072266, 5.37913449605306, 5.257025718688965, 5.280342737833659, 5.29787031809489, 5.226093292236328, 5.247333526611328], "mae": [3.8320306142171225, 2.9114532470703125, 2.6187092463175454, 2.2764229774475098, 2.1822657585144043, 2.1252113978068032, 2.138312657674154, 2.198256015777588, 2.2904019355773926, 2.7076263427734375, 2.0775156021118164, 1.8828121821085613, 2.122349739074707, 2.0895851453145347, 1.8632640838623047, 1.8248473803202312, 1.982870101928711, 1.9322338104248047, 1.8265810012817383, 1.7249541282653809, 1.9286082585652669, 2.171623388926188, 1.7860593795776367, 1.7641940116882324, 1.8051873842875164, 1.7403772672017415, 1.7117738723754883, 1.7802627881368, 1.77526060740153, 1.8895451227823894, 1.6024158795674641, 1.863608678181966, 1.649095058441162, 1.685768763224284, 1.724713643391927, 1.5978105862935383, 1.6304092407226562, 1.5629949569702148, 1.5809934933980305, 1.7191880544026692, 1.5845073064168294, 1.5168927510579426, 1.5373681386311848, 1.5509236653645833, 1.4845452308654785, 1.4986767768859863, 1.5447638829549153, 1.4568939208984375, 1.50876251856486, 1.5767563184102376, 1.4908647537231445, 1.530957857767741, 1.4663818677266438, 1.4369516372680664, 1.445263385772705, 1.4619073867797852, 1.4976879755655925, 1.404024600982666, 1.4448909759521484, 1.4439959526062012, 1.4504203796386719, 1.384472370147705, 1.4102708498636882, 1.4064579010009766, 1.4191441535949707, 1.383756955464681, 1.437102476755778, 1.379773457845052, 1.3656638463338215, 1.3684697151184082, 1.3767873446146648, 1.3775752385457356, 1.3700095812479656, 1.365744908650716, 1.3677794138590496, 1.352201779683431, 1.3822269439697266, 1.3464500109354656, 1.3534523646036785, 1.3597690264383953]}