{"loss": [34.198071915064105, 21.600075120192308, 17.367689553285256, 11.096468098958333, 8.226181891025641, 10.065289463141026, 17.24274213741987, 8.643316806891026, 8.214187700320513, 6.757137670272436, 8.842071063701923, 8.356822791466346, 7.6677884615384615, 8.160064853766025, 7.5416954627403845, 5.575723657852564, 5.747450295472756, 6.366289813701923, 6.112349133613782, 5.386714993990385, 5.181228402944711, 4.66494391025641, 7.3639610877403845, 4.837015787760417, 5.258720828325321, 4.937030185797275, 4.597070625500801, 4.197054662459936, 5.415395883413462, 3.7344122470953525, 3.9744444235777245, 6.53727526542468, 4.0236879006410255, 4.648093512119391, 3.6421824919871795, 3.6064800555889422, 4.46411383213141, 3.1366314227764422, 3.9985670823317307, 3.0359303009815704, 3.112309382512019, 3.9412481845953526, 2.8053094325921473, 3.8049663837139422, 3.137928185096154, 2.8449838491586537, 2.8968740609975963, 2.9509593474559295, 2.611828143780048, 2.76702880859375, 2.6584053235176284, 2.3838292831029646, 2.3842289851262017, 2.6071033966846957, 2.41350582807492, 2.1963356996193912, 2.2234713040865386, 2.2031858786558494, 2.036291973407452, 2.2356748923277245, 1.9951937161959135, 2.0044892139923878, 1.9140804975460737, 1.995320794521234, 1.923644550030048, 1.7927487104366988, 1.74864501953125, 1.778578381660657, 1.7272689428084935, 1.7134131798377403, 1.7038006122295672, 1.6949578700921475, 1.691971216446314, 1.6712374173677884, 1.6613339155148237, 1.6854920998597755, 1.752505884415064, 1.6218760955028044, 1.708565423427484, 1.6438523512620193], "mae": [4.28324944911859, 3.4080694736578527, 3.1065889798677886, 2.2480509440104166, 1.9949062249599359, 2.1540378668369393, 3.1787610176282053, 1.960372064052484, 2.1385462051782853, 1.7791671361678685, 2.1147728553185097, 2.056969432341747, 2.096567946213942, 2.0312196389222756, 1.8820163824619391, 1.6422444661458333, 1.6958697979266828, 1.756475830078125, 1.7186839568309296, 1.6105767665765225, 1.5669275528345352, 1.482733936798878, 1.8750137720352564, 1.5444969764122596, 1.555949206229968, 1.5145431127303686, 1.523491649138622, 1.3854639297876603, 1.4929433969350963, 1.2941566662910657, 1.3722005208333334, 1.5952539688501604, 1.3754214555789264, 1.5524667593149037, 1.2958031287560097, 1.3090159880809296, 1.5123726086738782, 1.1691653520633012, 1.31534908979367, 1.1373438908503606, 1.1825496575771235, 1.2858540852864584, 1.0801689734825721, 1.2529069949419072, 1.1950597518529646, 1.083191387469952, 1.0791604849008414, 1.1258451804136618, 1.043718778170072, 1.0385934682992788, 1.0848956768329328, 1.0098248604016427, 0.9782692151191907, 1.0180814302884615, 0.9686966333633814, 0.9009422106620593, 0.9231316982171475, 0.922305689102564, 0.8814529810196314, 0.9810770670572917, 0.8605574387770433, 0.8990160819811699, 0.8512239896334135, 0.8490290715144231, 0.8569311679937901, 0.8067605043068911, 0.792040780874399, 0.7997382530799279, 0.7737026116786859, 0.7942740415915465, 0.7980559520232372, 0.7739923721704728, 0.772471188276242, 0.7626910087389823, 0.7705942789713541, 0.781036142202524, 0.8116153032351763, 0.7652393047626201, 0.7696148212139423, 0.7601633707682292]}