{"loss": [32.918416341145836, 21.8168462117513, 18.30621337890625, 11.399559020996094, 10.330597559611002, 11.385883331298828, 18.621320088704426, 9.907033920288086, 10.829106648763021, 8.29766591389974, 9.777061462402344, 9.480230967203775, 9.88547452290853, 10.407670974731445, 8.443517684936523, 8.322326024373373, 7.98143196105957, 10.104840596516928, 9.256561279296875, 6.966288884480794, 7.902710596720378, 7.395583470662435, 8.642701466878256, 7.723331451416016, 7.8932952880859375, 7.039920171101888, 7.169616063435872, 7.4021657307942705, 8.233015060424805, 7.077388763427734, 6.537616729736328, 8.67789077758789, 7.292656580607097, 7.724830627441406, 6.200569788614909, 6.709054946899414, 7.636952718098958, 6.164788564046224, 6.824841817220052, 5.978826522827148, 6.197844823201497, 6.5306351979573565, 5.8945973714192705, 6.538746515909831, 6.356250762939453, 6.201562881469727, 6.234055201212565, 6.248231252034505, 5.957975387573242, 6.388594309488933, 5.828823725382487, 5.739709218343099, 5.890674591064453, 5.510168075561523, 5.884778340657552, 6.026135126749675, 5.764123280843099, 6.026415506998698, 5.725279490152995, 5.717896779378255, 5.382748921712239, 5.7293345133463545, 5.748280207316081, 5.597815195719401, 5.704130172729492, 5.575530370076497, 5.310801823933919, 5.396220525105794, 5.211585362752278, 5.344153722127278, 5.260913213094075, 5.5100860595703125, 5.253759384155273, 5.445804595947266, 5.302865028381348, 5.443703969319661, 5.307915687561035, 5.491701126098633, 5.629571278889974, 5.401425679524739], "mae": [4.18349552154541, 3.400658925374349, 3.1283677419026694, 2.3744519551595054, 2.2187814712524414, 2.2803475062052407, 3.2470970153808594, 2.1419464747111, 2.364479382832845, 1.9694409370422363, 2.208717664082845, 2.193621794382731, 2.3208088874816895, 2.2140944798787436, 1.9745205243428547, 1.9270416895548503, 1.9060702323913574, 2.0962114334106445, 2.0257698694864907, 1.727949619293213, 1.8454383214314778, 1.767926851908366, 2.0225394566853843, 1.820326328277588, 1.832575003306071, 1.777138392130534, 1.805893898010254, 1.7479958534240723, 1.837250550587972, 1.6828231811523438, 1.633656660715739, 1.889330546061198, 1.7389980951944988, 1.9761878649393718, 1.610242525736491, 1.7106606165568035, 1.809611479441325, 1.5339393615722656, 1.699234167734782, 1.5611529350280762, 1.5769030253092449, 1.6298511823018391, 1.55326509475708, 1.6462572415669758, 1.6394537289937336, 1.569157600402832, 1.5453238487243652, 1.60866912206014, 1.5380655924479167, 1.5265382130940754, 1.5254602432250977, 1.4882984161376953, 1.529836654663086, 1.485331694285075, 1.5222558975219727, 1.4655823707580566, 1.4816152254740398, 1.4915808041890461, 1.4650570551554363, 1.513729413350423, 1.436926047007243, 1.4745419820149739, 1.4588255882263184, 1.455731709798177, 1.4549965858459473, 1.425806204477946, 1.3970028559366863, 1.4149413108825684, 1.3698302904764812, 1.3769714037577312, 1.3881862958272297, 1.3947938283284504, 1.36577304204305, 1.3834492365519206, 1.3771443367004395, 1.3980596860249836, 1.3908356030782063, 1.3935012817382812, 1.4130576451619465, 1.3890514373779297]}