{"loss": [31.27221171061198, 19.64068349202474, 15.966086069742838, 12.425326029459635, 9.96926498413086, 9.902604420979818, 8.670095443725586, 9.351706822713217, 9.73305892944336, 9.18979517618815, 8.35384750366211, 11.991106669108072, 7.895940780639648, 13.248756408691406, 12.13257090250651, 8.611166636149088, 10.16815439860026, 8.318229675292969, 10.732888539632162, 8.208121617635092, 9.018983840942383, 8.37509536743164, 7.036235809326172, 8.23631731669108, 6.941335042317708, 6.728878021240234, 7.1853790283203125, 7.38931147257487, 7.557111740112305, 6.951958338419597, 7.724752426147461, 7.058647155761719, 6.9148604075113935, 7.176595052083333, 7.333314259847005, 7.416979471842448, 7.2262115478515625, 6.4550126393636065, 6.7643076578776045, 6.958548863728841, 6.225566864013672, 6.283245086669922, 7.025765101114909, 6.514030456542969, 7.212599436442058, 6.09217898050944, 6.439811070760091, 5.92479133605957, 6.378650665283203, 6.074054718017578, 6.226566314697266, 6.756422678629558, 5.94731330871582, 6.679664611816406, 5.780300776163737, 5.765228907267253, 5.977265040079753, 6.373565673828125, 5.747404098510742, 6.296362559000651, 5.833201726277669, 5.752991358439128, 5.803940455118815, 5.873430252075195, 6.249393463134766, 5.691420237223308, 5.940889358520508, 5.8919423421223955, 6.0952911376953125, 5.881275812784831, 5.899667739868164, 5.996856689453125, 5.79277229309082, 5.917588551839192, 5.991155624389648, 5.999888737996419, 5.861514409383138, 6.141324996948242, 6.066230773925781, 5.952901204427083], "mae": [3.957235018412272, 3.1500778198242188, 2.7709582646687827, 2.4746154149373374, 2.2484730084737143, 2.222414016723633, 2.069058577219645, 2.131446361541748, 2.2390883763631186, 2.1955038706461587, 2.024171511332194, 2.2378972371419272, 1.9687751134236653, 2.406229813893636, 2.527362028757731, 1.9617986679077148, 2.2298704783121743, 1.950551191965739, 2.324739456176758, 2.0062011082967124, 1.9357150395711262, 2.0352174441019693, 1.7205209732055664, 1.94387420018514, 1.7446654637654622, 1.688336690266927, 1.7357479731241863, 1.6942577362060547, 1.6684656143188477, 1.670491377512614, 1.7501837412516277, 1.691392421722412, 1.687948226928711, 1.5921839078267415, 1.7214384078979492, 1.7040371894836426, 1.686450481414795, 1.59989595413208, 1.6577898661295574, 1.7432311375935872, 1.523929278055827, 1.543057123819987, 1.6285080909729004, 1.5240683555603027, 1.6220893859863281, 1.562785307566325, 1.5236032803853352, 1.5183889071146648, 1.5284798940022786, 1.4861806233723958, 1.5160322189331055, 1.6047210693359375, 1.4485475222269695, 1.5655256907145183, 1.4307551383972168, 1.466788609822591, 1.4358372688293457, 1.4901164372762044, 1.4286683400472004, 1.4660385449727376, 1.4266586303710938, 1.41244109471639, 1.4503014882405598, 1.4243663152058919, 1.4575614929199219, 1.410050392150879, 1.4488461812337239, 1.4771208763122559, 1.4540506998697917, 1.4126057624816895, 1.4344469706217449, 1.4414575894673665, 1.395843505859375, 1.4047966003417969, 1.4363757769266765, 1.4050758679707844, 1.3922983805338542, 1.4103329976399739, 1.4172674814860027, 1.4131862322489421]}