{"loss": [32.3071539463141, 19.248681640625, 15.509441356169871, 11.67666766826923, 8.604747596153846, 8.48516376201923, 7.234865159254808, 7.940377729366987, 7.905943885216346, 6.9895307491987175, 6.155272185496795, 10.083070412660257, 5.795432066306089, 10.328674003405448, 7.622226812900641, 5.8576021634615385, 6.523037484975961, 5.486181640625, 7.8988506610576925, 6.009940905448718, 5.654992362780448, 5.425130834334936, 4.457665076622596, 5.203080866887019, 5.094224822215545, 4.776317733373397, 4.3069983849158655, 4.049306077223558, 4.044324982471955, 3.9280411157852564, 4.136558493589743, 3.8982960236378204, 4.615538298778045, 3.465814678485577, 4.203422037760417, 3.5565720778245193, 3.8953362880608973, 3.182953663361378, 3.482327348758013, 3.7906268780048076, 3.093616661658654, 3.2053078675881412, 3.4499915489783652, 2.940154559795673, 3.164275653545673, 2.9978575095152245, 3.100133338341346, 3.0488422100360575, 2.9166553986378205, 2.5354939778645833, 2.517476086738782, 2.7838241185897434, 2.3247586763822117, 2.67980706630609, 2.3055869078024838, 2.4201904296875, 2.2319468962840543, 2.1636424529246794, 2.229589374248798, 2.116973876953125, 2.0560953776041666, 1.9425030048076923, 1.981491949619391, 1.9377622946714743, 1.9114763308794072, 1.8499525803786057, 1.8462774814703526, 1.9454730694110578, 1.7948192107371794, 1.7394534380008013, 1.795099346454327, 1.7636507474459135, 1.7064000838842148, 1.7219678047375802, 1.7665780874399037, 1.6636559119591345, 1.679834923377404, 1.7049635667067307, 1.743913073417468, 1.6710558769030448], "mae": [4.0284780649038465, 3.1734831981169873, 2.779399226262019, 2.395628161308093, 2.1096244616386217, 2.108453369140625, 1.907654278094952, 1.9846185146233974, 2.020209053235176, 1.9685240134214743, 1.7782940204326922, 2.0829112517528046, 1.7019318409455129, 2.2041056315104166, 2.1189376439803684, 1.6711411696213943, 1.883729279346955, 1.6599568684895833, 2.076118977864583, 1.765223106971154, 1.6323182717347757, 1.6727481157351762, 1.4430729792668269, 1.6183562449919873, 1.5286821414262821, 1.4254117525540866, 1.4130748259715544, 1.347463128505609, 1.330533697666266, 1.365139379256811, 1.3765560834835737, 1.3218158428485578, 1.3914190830328526, 1.2277767866085738, 1.4230382674779647, 1.2726564065004007, 1.3244511530949519, 1.16910400390625, 1.2738083276993188, 1.3097308819110578, 1.1338532276642628, 1.1506652049529247, 1.2137811122796474, 1.101446063701923, 1.1624135335286458, 1.1508536314352964, 1.1764767377804488, 1.18182373046875, 1.080174842247596, 1.0013184376252002, 1.0102996043669872, 1.1432853503104967, 0.9735056559244791, 1.0769227639222756, 0.9599388709435096, 1.020875510191306, 0.9165640806540465, 0.9271122859074519, 0.9406624818459536, 0.9136560684595353, 0.8820159129607372, 0.8425282796223958, 0.8689151861728766, 0.8376776279547276, 0.8414567213792067, 0.814876223833133, 0.8369491185897436, 0.8981945331280048, 0.8044427333733974, 0.7955942007211538, 0.8132727989783654, 0.803875967172476, 0.7772059513972356, 0.7854870135967548, 0.8219208546173878, 0.762166262895633, 0.7624142377804487, 0.7894998403695913, 0.8104665120442708, 0.7674893892728365]}