{"loss": [39.92723858173077, 32.28639573317308, 22.649193709935897, 13.895946013621796, 12.279932892628205, 13.095401392227565, 8.35521709735577, 7.9131272536057695, 8.872100360576923, 6.878730969551282, 6.29333746494391, 7.114178936298077, 6.340368339342949, 7.116404371995192, 6.563629306891026, 12.60830328525641, 6.435932491987179, 5.796167618189102, 7.303394806690705, 7.551471729767628, 6.317739633413462, 4.574572440905449, 4.864796799879808, 5.063900365584936, 5.976616962139423, 4.223973044370994, 4.4985821063701925, 4.06500244140625, 3.9188251201923077, 3.838061210436699, 5.133060709635417, 4.147703200120192, 6.3340425931490385, 4.0716174003405445, 4.231576772836538, 3.675179975460737, 3.9103640825320514, 3.396092810997596, 3.2380020532852565, 4.011139072516026, 3.5513818985376604, 3.3140290089142628, 3.2471407376802883, 3.112946026141827, 3.0270194811698716, 3.039652819511218, 3.0727044521233973, 3.896433355869391, 2.8567123021834937, 2.665468499599359, 2.7466668544671475, 2.6215518266726763, 2.4533897986778848, 2.4465281951121796, 2.4440077561598557, 2.4205586751302084, 2.306842980018029, 2.1621375450721154, 2.1287469325921475, 2.2285555326021633, 2.00187737880609, 1.926854999248798, 2.0153071476862983, 1.9409534943409454, 1.9116696088741987, 1.8744625776241988, 1.8235191932091346, 1.9298485389122597, 2.1044139372996793, 1.8017620380108172, 1.7993633563701923, 1.7971916003104969, 1.7506605881911057, 1.696841821915064, 1.7268470177283655, 1.699949919871795, 1.8536761944110578, 1.727907464443109, 1.7089768629807693, 1.7087248973357372], "mae": [4.63844494941907, 4.044778833633814, 3.481886017628205, 2.6135016025641025, 2.5458829439603363, 2.411854748848157, 2.067035851111779, 1.9891726762820512, 2.0047471266526444, 1.8257990910456732, 1.7367902706830929, 1.8412125025040065, 1.7409390963040865, 1.7694717798477564, 1.6835075182792467, 2.0554463704427084, 1.788132574619391, 1.6376172188000802, 1.7456818409455128, 1.8126596304086537, 1.650507061298077, 1.4657652243589743, 1.4739678798577724, 1.557047839042468, 1.5714839054987981, 1.3633632562099358, 1.4665582118890224, 1.3357608110476762, 1.3253076797876602, 1.3232146434294871, 1.5550116123297275, 1.376551231971154, 1.960608692658253, 1.3835406963641828, 1.4322268755008012, 1.2895186986678686, 1.2447762513772036, 1.2011165521083733, 1.1721466846955129, 1.3435787885616988, 1.217478512494992, 1.1371512388571714, 1.21280275002504, 1.170849609375, 1.131534204727564, 1.1363861083984375, 1.174117415990585, 1.2722807272886618, 1.086842072315705, 1.0571821163862178, 1.089276827298678, 1.0292686266776843, 0.9937958546173878, 1.0032334547776443, 0.996974612505008, 1.0030402550330528, 0.9411716558994391, 0.9372214292868589, 0.9248989789913862, 0.9679324419070513, 0.8960565811548478, 0.8655940129206731, 0.9130216940855369, 0.8782144399789663, 0.852782968374399, 0.8436925643529647, 0.8372568766276042, 0.8889365954276843, 0.9428123278495593, 0.8269992143679887, 0.8199952736879006, 0.8173773349859775, 0.8244761931590545, 0.7783963716947115, 0.8003461006360176, 0.7736310127453926, 0.8492687518780048, 0.8151893028846153, 0.7847223526392227, 0.7883197490985577]}