{"loss": [38.421976725260414, 31.061434427897137, 22.537607828776043, 14.481193542480469, 13.630250295003256, 13.779376983642578, 9.209615707397461, 9.31739616394043, 9.860097249348959, 9.285381317138672, 7.292202631632487, 8.767991383870443, 7.740795771280925, 9.293806711832682, 7.769777297973633, 13.220858256022135, 9.967406590779623, 8.374109268188477, 9.986401240030924, 10.068868001302084, 8.955249786376953, 7.260016759236653, 8.507584889729818, 8.61440340677897, 9.010803858439127, 7.141909281412761, 6.719043731689453, 7.046806971232097, 6.885416030883789, 6.8306318918863935, 9.185499827067057, 7.4189910888671875, 8.693862915039062, 6.858503341674805, 7.179760615030925, 6.464801788330078, 7.052379608154297, 6.329046249389648, 6.36859130859375, 6.205167770385742, 6.838373184204102, 6.409456253051758, 5.746205012003581, 6.160339991251628, 6.765865961710612, 6.251590092976888, 5.735145568847656, 6.950511296590169, 6.020835876464844, 5.865926742553711, 6.1788686116536455, 5.714874267578125, 5.356629053751628, 5.704617182413737, 6.0610090891520185, 5.580727259318034, 5.7915700276692705, 5.255201021830241, 5.424252827962239, 5.443484624226888, 5.548679351806641, 5.5128021240234375, 5.495197296142578, 5.51573371887207, 5.59541130065918, 5.471422831217448, 5.5184586842854815, 5.500552495320638, 5.575522740681966, 5.654114405314128, 5.179508209228516, 5.286976178487142, 5.441881815592448, 5.479022979736328, 5.51264762878418, 5.467567443847656, 5.58824348449707, 5.510944366455078, 5.43092155456543, 5.377931594848633], "mae": [4.570812225341797, 3.965381940205892, 3.44818909962972, 2.612123648325602, 2.6513702074686685, 2.442328929901123, 2.187697092692057, 2.1804871559143066, 2.056155204772949, 2.034130414326986, 1.8619592984517415, 2.05611785252889, 1.935331662495931, 1.9569873809814453, 1.7684232393900554, 2.180696487426758, 2.1400601069132485, 1.8799902598063152, 1.983469804128011, 2.0651933352152505, 1.9155886967976887, 1.7485860188802083, 1.7929596900939941, 1.9620057741800945, 1.7971394856770833, 1.696057637532552, 1.6740612983703613, 1.7184548377990723, 1.6761301358540852, 1.6661148071289062, 1.9277801513671875, 1.7735605239868164, 2.135291258494059, 1.686106522878011, 1.7615224520365398, 1.662579854329427, 1.6705098152160645, 1.5712127685546875, 1.5306801795959473, 1.6734264691670735, 1.5975926717122395, 1.5832775433858235, 1.5813609759012859, 1.5814412434895833, 1.6253058115641277, 1.5361708005269368, 1.5750912030537922, 1.6757307052612305, 1.5197696685791016, 1.486222743988037, 1.5012299219767253, 1.4759734471638997, 1.431868553161621, 1.4642324447631836, 1.5320181846618652, 1.4682172139485676, 1.4483938217163086, 1.4293711980183919, 1.4533478418986003, 1.4421583811442058, 1.4452276229858398, 1.3885401089986165, 1.393071969350179, 1.397200584411621, 1.3932456970214844, 1.3791742324829102, 1.4083269437154133, 1.4474738438924153, 1.4229634602864583, 1.4230170249938965, 1.3592309951782227, 1.3790583610534668, 1.3888769149780273, 1.3637196222941081, 1.3749963442484539, 1.365058422088623, 1.442954699198405, 1.3762790362040203, 1.3678436279296875, 1.359011173248291]}