{"loss": [42.84063212076823, 30.864100138346355, 25.08739471435547, 15.677017211914062, 11.216508229573568, 12.408331553141275, 11.354403177897135, 9.81225331624349, 10.358566919962565, 10.042238235473633, 9.64699618021647, 8.95132827758789, 9.093709945678711, 8.804720560709635, 7.79171625773112, 8.667053858439127, 8.694425582885742, 8.079057693481445, 6.851133346557617, 9.531520207722982, 7.985901514689128, 8.891131083170572, 8.047640482584635, 7.745794296264648, 7.585010528564453, 8.77930768330892, 8.24746004740397, 7.277795791625977, 7.426154454549153, 8.120033264160156, 7.13528569539388, 6.7286802927653, 7.39919916788737, 6.3075510660807295, 6.809726079305013, 7.483338038126628, 6.94581921895345, 7.300718943277995, 8.111035664876303, 6.473354339599609, 7.288063685099284, 7.340319315592448, 6.428167343139648, 6.699474334716797, 7.309832255045573, 6.309410095214844, 7.4335581461588545, 7.036188125610352, 6.8814271291097, 6.160255432128906, 7.109778086344401, 6.936888376871745, 6.4911149342854815, 6.038852691650391, 6.371346791585286, 6.029868443806966, 5.9008738199869795, 5.911513646443685, 5.823936462402344, 6.173779169718425, 6.094878514607747, 6.062032063802083, 6.170858383178711, 5.907150904337565, 5.815450668334961, 5.940877914428711, 5.857224146525065, 5.866787592569987, 5.765169143676758, 5.75703493754069, 5.780956268310547, 5.977189381917317, 5.852258682250977, 5.8912092844645185, 5.926647186279297, 6.008289972941081, 5.8565413157145185, 5.876190185546875, 5.729468663533528, 5.874526341756185], "mae": [4.659066200256348, 3.997661908467611, 3.62198543548584, 2.790032386779785, 2.352839469909668, 2.393420378367106, 2.3675967852274575, 2.188636302947998, 2.2986756960550943, 2.1763224601745605, 2.08083438873291, 1.9086626370747883, 1.9869130452473958, 2.022925694783529, 1.806207497914632, 1.9354095458984375, 1.8661915461222331, 1.9016888936360676, 1.736061731974284, 1.9873326619466145, 1.796211878458659, 1.9532000223795574, 1.9283509254455566, 1.7688628832499187, 1.8375587463378906, 1.8953078587849934, 1.8265964190165203, 1.6273528734842937, 1.6817059516906738, 1.6974398295084636, 1.6997521718343098, 1.693250020345052, 1.6121446291605632, 1.5609736442565918, 1.6307320594787598, 1.8384067217508953, 1.7166938781738281, 1.7065544128417969, 1.800956090291341, 1.5518258412679036, 1.630902608235677, 1.6539772351582844, 1.5522273381551106, 1.59866730372111, 1.6588670412699382, 1.5149156252543132, 1.6254123051961262, 1.6214416821797688, 1.655135154724121, 1.532633940378825, 1.6290442148844402, 1.6366836229960124, 1.5100388526916504, 1.4931106567382812, 1.4785027503967285, 1.4735291798909504, 1.485033671061198, 1.5372292200724285, 1.4410699208577473, 1.4547662734985352, 1.470601240793864, 1.479752540588379, 1.490725040435791, 1.4306742350260417, 1.4183629353841145, 1.4470548629760742, 1.415449619293213, 1.43030579884847, 1.3846160570780437, 1.4105747540791829, 1.4121346473693848, 1.437179724375407, 1.4100136756896973, 1.4161082903544109, 1.3977721532185872, 1.4362586339314778, 1.432763894399007, 1.4154599507649739, 1.4104948043823242, 1.4313693046569824]}