{"loss": [45.672541065705126, 31.69617888621795, 25.2786383213141, 15.180056840945513, 10.55034930889423, 11.45752453926282, 9.682440029046475, 7.714175806290064, 8.859558418469552, 7.414848758012821, 7.05947766426282, 7.197147310697115, 6.092440404647436, 6.310906199919872, 5.351357797475962, 6.764952048277244, 6.025816932091346, 5.684026317107372, 5.2498456906049675, 7.189975836338141, 5.667640725160257, 5.446180764222756, 5.185129018930288, 4.593478315304488, 4.774638797075321, 5.340994340945513, 4.374286358173077, 4.19317626953125, 4.158803460536859, 4.047832156450321, 4.2061354417067305, 3.9205150115184293, 3.5381429036458334, 3.87858636318109, 4.026955003004808, 4.2097083458533655, 3.861131247495994, 3.9073217147435897, 3.9564515725160256, 3.3705948267227566, 3.8145827073317307, 3.6831993689903846, 3.1646734775641026, 3.3478769155649037, 3.135844538762019, 2.80611572265625, 3.0640221228966347, 3.229906913561699, 3.0971419896834935, 2.868932166466346, 2.9668926532451922, 2.9450045072115385, 2.5315086951622594, 2.407663355118189, 2.421448536408253, 2.5102897448417467, 2.3894737830528845, 2.7573501978165065, 2.1829591408754005, 2.159839806189904, 2.1161536583533653, 2.149315936748798, 2.1574342385316507, 2.0774986853966344, 2.108096235226362, 2.335986797626202, 1.970920660556891, 1.9569013546674678, 1.891524877303686, 1.9685072678786057, 1.9754820212339743, 1.94749020307492, 1.8327790089142628, 1.8492716471354167, 1.8036439553285257, 1.8677125588441505, 2.0096110026041667, 1.8691429725060096, 1.9199229705028045, 1.877333733974359], "mae": [4.804760116185897, 4.087249599358974, 3.67607421875, 2.756934845753205, 2.2636725010016026, 2.337153508112981, 2.218606489132612, 1.9910248585236379, 2.148800737429888, 1.8763036483373396, 1.8503533779046475, 1.7901436047676282, 1.682777130909455, 1.7704239282852565, 1.5717183430989583, 1.841902356270032, 1.6626521183894232, 1.655982227814503, 1.58560055463742, 1.76588870317508, 1.6132479154146635, 1.6204348833133013, 1.622463598006811, 1.45911380083133, 1.457499029697516, 1.5830721341646634, 1.409999749599359, 1.3523942996294072, 1.381371287810497, 1.3444578513120993, 1.3992879231770834, 1.346533985627003, 1.2270077436398237, 1.321317389072516, 1.3238875951522435, 1.4496719751602565, 1.3099378536909054, 1.3069898556440305, 1.3784813514122596, 1.1999267578125, 1.2678079458383413, 1.3170360076121794, 1.1662017039763621, 1.2060707287910657, 1.1703443478315305, 1.0664329333183094, 1.143680435571915, 1.1588954045222355, 1.1504649626903045, 1.0881927490234375, 1.1357689490685097, 1.1239275810046074, 1.0084741836939102, 0.9867036477113381, 0.9911184457632212, 0.9829783904246795, 0.9853771503155048, 1.0460466433794071, 0.9001107240334535, 0.9111981514172677, 0.8995798746744792, 0.9148212139423076, 0.9528274927383814, 0.8943022116636619, 0.8870616423778045, 0.9335014930138221, 0.8503054887820513, 0.8760404146634615, 0.8231174566806891, 0.8544114332932692, 0.864829351963141, 0.8561282426883012, 0.8111850836338141, 0.8208816137069311, 0.7908247727614183, 0.8267693152794471, 0.8860415727664263, 0.8187689365484776, 0.8480378762269631, 0.8289222912910658]}