{"loss": [56.70231628417969, 49.346048990885414, 40.2911122639974, 29.15367380777995, 19.41464614868164, 20.984705607096355, 17.652262369791668, 11.832258860270182, 11.257670084635416, 9.661132176717123, 10.82757568359375, 9.494942347208658, 9.171829223632812, 8.828369140625, 9.158350626627604, 9.051900863647461, 10.229045867919922, 8.233809153238932, 7.763807932535808, 8.35492197672526, 9.981192270914713, 7.5400129954020185, 9.344887415568033, 8.892829895019531, 7.090220133463542, 7.590500513712565, 7.4037825266520185, 8.834622065226236, 7.563019434611003, 7.362141291300456, 7.9876454671223955, 7.053272883097331, 7.023033777872722, 7.098446528116862, 6.791737874348958, 6.683882395426433, 7.39784558614095, 7.003782908121745, 6.543883641560872, 6.228971481323242, 8.029827117919922, 6.8775583902994795, 7.621826807657878, 6.8697160085042315, 6.773952484130859, 6.698720296223958, 6.4661814371744795, 5.953288396199544, 6.019262949625651, 6.153269449869792, 6.47901725769043, 6.396670659383138, 6.105340957641602, 5.748785018920898, 6.066350936889648, 6.295937856038411, 6.1847076416015625, 6.1578413645426435, 5.7419172922770185, 6.038963317871094, 5.769131342569987, 5.889322280883789, 6.013108571370442, 5.830413182576497, 5.911125183105469, 5.965511322021484, 5.728261947631836, 5.767411549886067, 5.648630142211914, 5.740808486938477, 5.761965433756511, 5.801293055216472, 6.006426493326823, 5.873544057210286, 5.81126594543457, 5.7352549235026045, 5.8338267008463545, 5.826135635375977, 5.772696812947591, 5.891105651855469], "mae": [4.462731043497722, 4.463586489359538, 4.181841214497884, 3.7174081802368164, 3.0021047592163086, 3.105868339538574, 2.783085823059082, 2.3339176177978516, 2.249680519104004, 2.1831377347310386, 2.222016970316569, 2.1015876134236655, 2.092367966969808, 2.100041389465332, 2.072805722554525, 2.0533769925435386, 2.4183549880981445, 2.1040267944335938, 1.927216370900472, 1.9926454226175945, 2.0745228131612143, 1.846449375152588, 2.078532059987386, 1.9152790705362956, 1.6908073425292969, 1.853792667388916, 1.7920465469360352, 1.986782391866048, 1.9092793464660645, 1.7912898063659668, 1.8130699793497722, 1.7132668495178223, 1.77172056833903, 1.7167685826619465, 1.6953384081522624, 1.6866448720296223, 1.6756571133931477, 1.714064598083496, 1.711502234141032, 1.5909918149312336, 1.9274121920267742, 1.6355756123860676, 1.8096866607666016, 1.6262586911519368, 1.6470519701639812, 1.609233061472575, 1.6203867594401042, 1.546310265858968, 1.54882017771403, 1.5556643803914387, 1.61371644337972, 1.6269488334655762, 1.5566940307617188, 1.5120514233907063, 1.564186414082845, 1.5784729321797688, 1.5719531377156575, 1.5463194847106934, 1.5244382222493489, 1.5224924087524414, 1.4991660118103027, 1.5525115331013997, 1.5291493733723958, 1.5281399091084797, 1.5621054967244465, 1.5288709004720051, 1.5065608024597168, 1.5031131108601887, 1.4728522300720215, 1.485660711924235, 1.4971577326456706, 1.4696739514668782, 1.5632468859354656, 1.4940861066182454, 1.5210215250651042, 1.4906201362609863, 1.503901481628418, 1.483515739440918, 1.4706508318583171, 1.4775783220926921]}