{"loss": [62.678125, 53.41669671474359, 42.118704927884615, 29.60907952724359, 19.176625100160255, 20.852026993189103, 17.14612505008013, 11.239280348557692, 10.308387169471153, 8.64098119491186, 9.124850385616988, 7.840027168469551, 7.577617312700321, 6.987699068509615, 7.798185221354166, 6.493138396434295, 8.180741686698719, 6.889703525641026, 5.962653370392628, 6.791269155649038, 6.974251928084936, 5.562592022235577, 7.417407852564103, 7.129830854366987, 4.717032877604167, 5.49084222255609, 5.015762720352564, 6.579288736979167, 5.22935290214343, 4.810118063902244, 5.15129144130609, 4.557050030048077, 4.419704339443109, 4.475948705428686, 4.267913974859776, 4.34012451171875, 3.999295122195513, 3.950485151241987, 4.203458032852564, 3.7417311448317307, 5.6890750200320515, 3.5523212139423075, 4.1586669921875, 3.7264942658253206, 3.515019030448718, 3.687956981169872, 3.611831743289263, 3.3040073492588142, 3.190122320713141, 3.3173846905048077, 3.605475636017628, 3.256620592948718, 3.083376214443109, 3.151011305588942, 2.972537622696314, 3.1497477213541667, 3.096885016025641, 2.946876252003205, 2.837799854767628, 2.7787913787059293, 2.731620592948718, 2.7578638321314104, 2.7303128756009616, 2.6386080228365385, 2.697050280448718, 2.613994891826923, 2.5234307704827725, 2.655281262520032, 2.5236586350661057, 2.4832774626903045, 2.5099410619491187, 2.4957190880408655, 2.81624505458734, 2.4958934294871793, 2.731117913661859, 2.577366912059295, 2.5007416553986377, 2.455922131660657, 2.460091302333734, 2.456128242688301], "mae": [4.749561172876603, 4.684027569110577, 4.334991298577724, 3.8394252679286858, 3.0885106795873396, 3.194987605168269, 2.8174729567307693, 2.26869866786859, 2.214859556540465, 2.07547857822516, 2.1382962740384617, 1.9438008626302083, 1.921801288311298, 1.890162071814904, 1.9042496118790064, 1.7618314302884615, 2.197665796524439, 1.9335536858974358, 1.7008230356069711, 1.7932631272536057, 1.8050123948317307, 1.622257330478766, 1.8461302145933494, 1.7125840407151443, 1.4390282264122596, 1.617519280849359, 1.4998585236378206, 1.7529381385216347, 1.6206253443008813, 1.479002654246795, 1.535086450821314, 1.4335668319310897, 1.441097631209936, 1.4303568522135417, 1.386991686698718, 1.401307873848157, 1.3061114971454326, 1.3291710486778847, 1.403605456229968, 1.2714000995342547, 1.6665995279947916, 1.2490461300580928, 1.4157894819210737, 1.2765945825821314, 1.235213372646234, 1.2667720696864984, 1.2541649451622596, 1.1977154854016425, 1.1691221579527245, 1.1840526091746795, 1.2503539256560496, 1.1995880126953125, 1.1262566982171474, 1.1179941813151042, 1.131830068734976, 1.1475857465695112, 1.1520125169020432, 1.113514200846354, 1.1174074613131009, 1.0697598188351363, 1.0775770920973557, 1.0870556171123797, 1.051720174153646, 1.0519871638371394, 1.0902575370592948, 1.0352452987279648, 1.0218955798026843, 1.0545717679537259, 1.0194838303786058, 0.9981496175130208, 1.0131342961237981, 0.9948512150691106, 1.1311997633713942, 1.0042234763120994, 1.0880878155048077, 1.0351184551532453, 1.0120541303585737, 0.9949936304336939, 0.9960877247345753, 0.9889344826722757]}