{"loss": [51.13102722167969, 44.98694864908854, 37.460550944010414, 25.31622314453125, 22.05413564046224, 13.21108881632487, 10.503312428792318, 11.843650817871094, 9.663543701171875, 10.002833684285482, 8.573731740315756, 8.974404652913412, 9.336300532023111, 8.660881042480469, 10.680100758870443, 9.455143610636393, 10.156553904215494, 9.088881810506185, 8.357779820760092, 7.344260533650716, 7.845642725626628, 7.426023483276367, 8.888568242390951, 8.25106430053711, 9.511779149373373, 8.274214426676432, 7.342903772989909, 8.204952875773111, 8.255668004353842, 7.698058446248372, 8.149750391642252, 7.039682388305664, 8.005757649739584, 6.99166997273763, 8.286579132080078, 6.928926467895508, 8.754626592000326, 6.25732421875, 7.982617696126302, 7.252267201741536, 6.777202606201172, 7.221011479695638, 8.190422693888346, 7.82687505086263, 7.586052576700847, 6.812624613444011, 6.503604253133138, 6.520032246907552, 6.473509470621745, 7.1331361134847, 7.0954850514729815, 6.73117192586263, 6.506574630737305, 6.945168813069661, 6.4039662679036455, 6.839733123779297, 6.4841156005859375, 6.774710973103841, 6.064371109008789, 6.2906748453776045, 6.369558970133464, 6.600194931030273, 7.178343454996745, 6.263241449991862, 6.075911204020183, 5.93205197652181, 6.041742324829102, 6.345266977945964, 5.982072194417317, 5.991860707600911, 6.051205952962239, 6.123400370279948, 6.2812760670979815, 6.120402654012044, 6.031839370727539, 6.001452128092448, 6.100699106852214, 6.049275716145833, 5.991383234659831, 6.033109664916992], "mae": [4.680750846862793, 4.892056783040364, 4.524651527404785, 3.680857022603353, 3.478033701578776, 2.5271557172139487, 2.2295018831888833, 2.3961243629455566, 2.195423444112142, 2.142876625061035, 1.917998472849528, 2.026824951171875, 2.063310146331787, 1.922423521677653, 2.1509191195170083, 2.1708680788675943, 2.0943942070007324, 1.9520169893900554, 1.8620263735453289, 1.8322594960530598, 1.804451624552409, 1.844159444173177, 1.897884209950765, 1.9428502718607585, 1.9802002906799316, 1.8551376660664876, 1.8391364415486653, 1.8391002019246419, 1.8257931073506672, 1.7378207842508953, 1.8378044764200847, 1.6551683743794758, 1.8306833902994792, 1.6711359024047852, 1.9153817494710286, 1.6086751619974773, 2.1125613848368325, 1.5904663403828938, 1.721542199452718, 1.5763076146443684, 1.6654198964436848, 1.6248958905537922, 1.8009341557820637, 1.7385554313659668, 1.7420252164204915, 1.545895258585612, 1.5909236272176106, 1.5164566040039062, 1.5870304107666016, 1.6113545099894206, 1.6111605962117512, 1.5987159411112468, 1.5180644989013672, 1.643323580423991, 1.4896725018819172, 1.5794644355773926, 1.5746596654256184, 1.640559991200765, 1.4705847104390461, 1.4813175201416016, 1.4795344670613606, 1.5057074228922527, 1.5988473892211914, 1.5110534032185872, 1.464446226755778, 1.4524281819661458, 1.4606122970581055, 1.5347531636555989, 1.4535508155822754, 1.44820769627889, 1.446365197499593, 1.4493060111999512, 1.5308159192403157, 1.4373691876729329, 1.4321236610412598, 1.4155693054199219, 1.4824212392171223, 1.454525311787923, 1.4167839686075847, 1.4241077105204265]}