{"loss": [56.63521634615385, 48.26319611378205, 38.80326272035256, 25.551026642628205, 21.774694511217948, 12.667201272035257, 9.693719951923077, 10.939798677884616, 8.334794421073719, 9.06542217548077, 6.870659304887821, 7.095090895432692, 8.126948742988782, 6.504508463541667, 7.249782151442307, 7.286413887219552, 6.319878680889423, 6.1089731069711535, 5.42944586338141, 5.166333320813301, 5.2163317558092945, 5.488423978365384, 5.621870617988782, 6.391074469150641, 5.568279246794872, 4.990181164863782, 4.605165765224359, 4.737001389723558, 5.2148058769030445, 4.731935784755609, 4.597773938301282, 4.134127729366988, 4.399139873798077, 3.825839155148237, 4.9275428185096155, 3.5006209935897434, 5.871537585136218, 3.409485802283654, 3.629827411358173, 3.4700771233974357, 3.9484681740785255, 3.4994074894831733, 3.8394202599158653, 3.6807257236578526, 3.730779559795673, 3.0870361328125, 2.957512958233173, 2.951210687099359, 3.349384014423077, 3.076758125500801, 2.9163743239182693, 2.97655999599359, 2.656253443008814, 3.2234155899439103, 2.561522185496795, 2.8804869040464745, 2.699137682792468, 2.9504588591746796, 2.443591778094952, 2.288328356620593, 2.335230900691106, 2.4859354654947916, 2.5009922125400643, 2.192588297526042, 2.1531317295172276, 2.094075364332933, 2.194245167267628, 2.1649739583333334, 2.1471792367788463, 2.06299078525641, 2.0221869052984776, 2.1198336087740386, 2.3826031024639422, 2.0173879770132213, 1.9933157113882212, 1.933268072666266, 2.27344000400641, 2.030437762920673, 2.0002834222255608, 2.020944605118189], "mae": [4.9425981570512825, 5.079613631810897, 4.620781375200321, 3.7321514423076922, 3.5200401893028848, 2.5206954564803685, 2.1902105869391026, 2.3139939528245193, 2.0640604654947916, 2.066319861778846, 1.8190568972856571, 1.7958538348858173, 1.90413818359375, 1.7810706505408653, 1.864186291816907, 1.994512939453125, 1.7446719438601763, 1.6976751865484776, 1.6425186548477564, 1.6292748084435096, 1.5906181139823719, 1.66267825395633, 1.6652493990384616, 1.765089612129407, 1.6510200696113781, 1.5788128192608173, 1.5045626126802885, 1.4800422864082532, 1.5434088291266026, 1.404360101161859, 1.4660574106069713, 1.3568487705328525, 1.4509790665064102, 1.3340801532451922, 1.5289666591546474, 1.2461209810697116, 1.8176422901642628, 1.234441903921274, 1.2788129757612179, 1.2104572002704328, 1.3230606470352564, 1.2983035356570514, 1.337538342598157, 1.2660069392277644, 1.3206292568108975, 1.1679890950520833, 1.126875735551883, 1.105496059319912, 1.1902903238932292, 1.128656710111178, 1.116995865259415, 1.130663592998798, 1.037154055864383, 1.2547915727664263, 1.0221318171574518, 1.1420860094901844, 1.0869407458183094, 1.1823908096704727, 1.008852053911258, 0.9490702311197917, 0.9632616874499199, 0.9822266407502003, 1.0200471535707132, 0.9535166422526041, 0.9175364176432291, 0.9196253067407852, 0.9450275127704327, 0.9469005095653045, 0.9106734055739183, 0.8862017509264823, 0.881870837089343, 0.9075732891376201, 1.0222518529647435, 0.8906549698267228, 0.867720696864984, 0.845599130483774, 0.9778025309244792, 0.9040690104166667, 0.8742973914513221, 0.8709296593299278]}