{"loss": [43.54183451334635, 26.79029083251953, 22.1787109375, 15.906267801920572, 14.27935536702474, 10.770413716634115, 9.698086420694986, 12.541676839192709, 9.493467966715494, 8.565315882364908, 10.505475362141928, 10.273393630981445, 7.659573872884114, 10.313206990559896, 8.701937993367514, 8.065871556599935, 10.935799916585287, 10.387502670288086, 7.524105072021484, 8.212112426757812, 8.39213752746582, 6.9864247639973955, 7.930355072021484, 8.070758819580078, 9.84145991007487, 6.56024169921875, 7.346340179443359, 7.124561945597331, 6.63311767578125, 7.559399286905925, 6.989870707194011, 6.444513320922852, 6.366788864135742, 7.235013961791992, 6.066601435343425, 7.047762552897136, 6.218723297119141, 6.2446854909261065, 5.825075785319011, 6.018058141072591, 6.628549575805664, 5.727073033650716, 6.767431894938151, 7.209679921468099, 6.337778091430664, 6.188871383666992, 6.414161682128906, 6.32664171854655, 6.85800298055013, 6.409579594930013, 5.611021041870117, 5.71372667948405, 6.122811635335286, 6.7056121826171875, 5.863993326822917, 5.607038497924805, 6.190772374471028, 5.802213668823242, 5.284984588623047, 5.720190684000651, 5.663810094197591, 5.496431350708008, 5.562668482462565, 5.703570048014323, 5.390876770019531, 5.459829966227214, 5.48652712504069, 5.4168650309244795, 5.434736251831055, 5.479258855183919, 5.405555089314778, 5.489596684773763, 5.562283198038737, 5.476226170857747, 5.378787994384766, 5.434841156005859, 5.497763315836589, 5.433769861857097, 5.398012797037761, 5.440618515014648], "mae": [4.99412218729655, 3.8135573069254556, 3.390994389851888, 2.721297264099121, 2.691155433654785, 2.2717183430989585, 2.1410536766052246, 2.4375569025675454, 2.0716396967569985, 2.0419368743896484, 2.15503724416097, 2.2709805170694985, 1.9066448211669922, 2.174184004465739, 1.9591277440388997, 1.855377991994222, 2.0695482889811196, 2.019585132598877, 1.7930110295613606, 1.8502753575642903, 1.9438953399658203, 1.8195489247639973, 1.768960952758789, 1.796717643737793, 1.8860475222269695, 1.618953545888265, 1.7765714327494304, 1.8638221422831218, 1.653713544209798, 1.7727874120076497, 1.6878135999043782, 1.6080253918965657, 1.6592741012573242, 1.7163972854614258, 1.5908740361531575, 1.8204412460327148, 1.605161190032959, 1.58572785059611, 1.534645398457845, 1.5528745651245117, 1.620628039042155, 1.4665152231852214, 1.7362254460652669, 1.7185314496358235, 1.6399062474568684, 1.569618860880534, 1.569555123647054, 1.568082332611084, 1.626815636952718, 1.4990633328755696, 1.5173964500427246, 1.4906757672627766, 1.4931039810180664, 1.58440367380778, 1.5062171618143718, 1.4608869552612305, 1.473849932352702, 1.440241813659668, 1.3753116925557454, 1.4347599347432454, 1.4260292053222656, 1.4243903160095215, 1.406578540802002, 1.467295487721761, 1.3997820218404133, 1.3651660283406575, 1.3874470392862956, 1.3717053731282551, 1.3927733103434246, 1.396194299062093, 1.3876466751098633, 1.3920021057128906, 1.3800268173217773, 1.354028542836507, 1.3813095092773438, 1.3527921040852864, 1.3615983327229817, 1.362388292948405, 1.3641775449117024, 1.374497413635254]}