{"loss": [45.09627403846154, 26.657579627403845, 21.754306891025642, 14.764952674278845, 13.304442107371795, 9.994364107572116, 8.580960161258012, 10.24065943008814, 7.939212114383013, 7.052057041266026, 7.704018930288462, 7.611584785657051, 6.221469976963141, 7.209677984775641, 6.109185321514423, 6.473092573116987, 7.64765875400641, 6.782648487580128, 5.840388371394231, 5.369918118990385, 6.874408428485577, 5.146264022435897, 4.641360864883814, 4.954524426582532, 6.002904647435898, 4.177858010316506, 5.026507411858974, 4.77917230068109, 4.335837339743589, 4.626701785356571, 4.257066619090545, 3.8083389673477566, 3.7728111853966344, 4.30940442207532, 3.568857672275641, 4.064016801883013, 3.3901573768028848, 3.674148637820513, 3.062528796073718, 3.0407996544471154, 3.378622045272436, 2.9253546299078526, 4.069741273537661, 3.5372352013221153, 3.891966521434295, 3.0141445062099357, 2.8600517077323717, 2.804824907351763, 3.0664553911258015, 2.7677452674278844, 2.6521715995592947, 2.538164970202324, 2.471671862479968, 2.534306139823718, 2.7767202524038463, 2.3047001765324517, 2.313186723758013, 2.1643553122495995, 2.1945720966045674, 2.17763671875, 2.1941066644130607, 2.0902886806390226, 1.9884901780348558, 2.2702237642728367, 2.054215807792468, 1.848768811348157, 1.8977833283253205, 1.8444195087139423, 1.8285924666967148, 1.8977175981570513, 1.829437725360577, 1.8031724196213943, 1.7892764360476763, 1.7380367963741987, 1.7949282915164262, 1.6896116599058493, 1.7021634615384615, 1.7237678723457532, 1.6905436197916666, 1.8016509227263622], "mae": [5.069221379206731, 3.833903620793269, 3.3743189102564104, 2.636170372596154, 2.655443083934295, 2.199037835536859, 2.0043161245492787, 2.2669383513621795, 1.9261246118790065, 1.867941205929487, 1.912099358974359, 1.9717879857772436, 1.7514623397435898, 1.8688944498697917, 1.7040350498297276, 1.7633782802483975, 1.7955508501101762, 1.6980922601161859, 1.6583773099459134, 1.5855349809695514, 1.7630339793669871, 1.5255921975160256, 1.4594806377704328, 1.4820936936598557, 1.5742503630809295, 1.3389578012319712, 1.4936191656650641, 1.5914115710136219, 1.3822218674879807, 1.4634944035456732, 1.38138427734375, 1.2872032752403846, 1.3119984944661458, 1.3968233548677884, 1.271594003530649, 1.4509897085336538, 1.2482296674679487, 1.2621869209485177, 1.1670829577323718, 1.152179972330729, 1.20800045698117, 1.1257911095252404, 1.4022409292367788, 1.2358101086738782, 1.2627843612279648, 1.1202171912560097, 1.1126829489683494, 1.0903825026292067, 1.1199363512870593, 1.0553055200821315, 1.0569580078125, 1.03587646484375, 0.9959038367638221, 1.0125092335236379, 1.0495362893129005, 0.9594921405498799, 0.9364059056991186, 0.8963227100861378, 0.9245519393529648, 0.8985685690855368, 0.9603285569411057, 0.912597421499399, 0.8530806321364183, 0.9471450414413061, 0.8576799441606571, 0.8141037378555689, 0.8290572728866186, 0.8069717798477564, 0.8087593274238782, 0.8736562875600962, 0.8166489038711939, 0.8187320807041266, 0.8150780310997596, 0.7789314465645032, 0.827044208233173, 0.7590418888972356, 0.7637736002604166, 0.7838421943860177, 0.7664916209685497, 0.8176464374248799]}