{"loss": [22.496053059895832, 18.103418986002605, 12.618119557698568, 10.793216705322266, 10.542047500610352, 10.113180160522461, 10.013079325358072, 8.445666631062826, 10.155929565429688, 8.55940310160319, 8.279579162597656, 18.111751556396484, 8.702465057373047, 11.36831029256185, 8.56986172993978, 8.483612060546875, 8.364686965942383, 8.200600941975912, 9.3335812886556, 9.834010442097982, 7.000817616780599, 7.484846115112305, 7.057716369628906, 7.443736394246419, 6.982885360717773, 7.896233876546224, 9.860057830810547, 6.643573760986328, 8.21755854288737, 9.330036799112955, 6.365201950073242, 7.517522811889648, 7.021251678466797, 6.335928599039714, 6.007867177327474, 7.336565017700195, 6.836026509602864, 6.1827748616536455, 7.019778569539388, 7.629088719685872, 6.306384404500325, 7.907491683959961, 5.892895380655925, 6.5365250905354815, 6.351468404134114, 6.251516977945964, 5.686709086100261, 6.181633631388347, 5.346773147583008, 5.852426528930664, 6.2261613210042315, 5.4834028879801435, 5.924960454305013, 5.374787012736003, 5.240645090738933, 5.4016571044921875, 5.598591486612956, 5.395981470743815, 5.409746170043945, 5.014437039693196, 5.104257265726726, 5.231161753336589, 5.126717567443848, 5.540029525756836, 5.059878667195638, 5.0700680414835615, 4.925142923990886, 5.168018658955892, 5.158461252848308, 5.159836769104004, 5.042099316914876, 4.982043266296387, 4.995237032572429, 5.02793025970459, 4.973336855570476, 5.080315907796224, 4.964642524719238, 5.034518241882324, 5.065534909566243, 5.009248733520508], "mae": [3.3395284016927085, 3.2579431533813477, 2.5568394660949707, 2.3084189097086587, 2.2642127672831216, 2.258924643198649, 2.23496945699056, 2.028881549835205, 2.1423840522766113, 1.9639123280843098, 1.906106948852539, 3.253732363382975, 2.0554914474487305, 2.2398290634155273, 1.9441420237223308, 1.8907853762308757, 1.9639574686686199, 1.8902063369750977, 1.9960532188415527, 2.091080665588379, 1.7309517860412598, 1.750160535176595, 1.818170388539632, 1.7173144022623699, 1.757900555928548, 1.8403917948404949, 2.0786840120951333, 1.6616689364115398, 1.824072043100993, 1.821353276570638, 1.6392436027526855, 1.6757187843322754, 1.7134426434834797, 1.6381743748982747, 1.5798961321512859, 1.6885170936584473, 1.652067502339681, 1.647165298461914, 1.610491434733073, 1.7714721361796062, 1.6159103711446126, 2.0447850227355957, 1.5667398770650227, 1.6160788536071777, 1.5538118680318196, 1.5446494420369465, 1.509382724761963, 1.548094908396403, 1.4682637850443523, 1.4834980964660645, 1.5209215482076008, 1.4635459582010906, 1.5051886240641277, 1.421964963277181, 1.465003490447998, 1.486218770345052, 1.5704601605733235, 1.4822602272033691, 1.393607457478841, 1.3748650550842285, 1.3819926579793294, 1.4131803512573242, 1.3776365915934246, 1.417448361714681, 1.3745403289794922, 1.3849472999572754, 1.3426265716552734, 1.3588453928629558, 1.3736119270324707, 1.3456088701883953, 1.3698867162068684, 1.3544748624165852, 1.3534982999165852, 1.3617822329203289, 1.3340497016906738, 1.3479760487874348, 1.344986915588379, 1.3396256764729817, 1.3587104479471843, 1.3571179707845051]}