{"loss": [22.822037760416666, 17.171659655448718, 11.276497395833333, 9.475833208133013, 9.01757562099359, 8.228928160056089, 8.682722981770834, 7.148819986979166, 8.546104392027244, 6.8797375801282055, 6.805133839142628, 14.502243589743589, 7.127035131209936, 10.180013020833334, 6.5368896484375, 5.714136368189102, 6.215861002604167, 5.920332532051282, 5.774930513822115, 8.523063151041667, 5.457468825120192, 4.719810446714743, 5.464362354767628, 4.562926933092949, 4.7753493088942305, 5.366505158253205, 5.976856720753205, 4.335647974258814, 4.490051582532051, 5.330394255809295, 4.02505853114984, 3.9099837865584934, 3.7269844250801283, 3.8484581580528845, 3.536294946915064, 3.6434457632211537, 3.7232903896233975, 3.784657639723558, 3.4094178811097757, 4.1675771859975965, 3.2278530023036858, 5.652218549679487, 2.9046624599358974, 3.2023597130408654, 2.9163445888421475, 3.0398390549879806, 2.8150418795072114, 2.7624793419471154, 2.6752716846955127, 2.4062127529046475, 2.6131732647235575, 2.4969269581330127, 2.623110101161859, 2.2892698630308495, 2.528535657051282, 2.4583059457632213, 2.894250175280449, 2.3304149138621795, 2.154547901642628, 2.040596516927083, 1.9805790827824519, 2.143161871494391, 1.9700245392628206, 1.8616766513922276, 1.8260940943008814, 1.7692004081530448, 1.7536225147736377, 1.6989395532852565, 1.7505896935096155, 1.6868805714142627, 1.715891833183093, 1.726532451923077, 1.661474609375, 1.708123779296875, 1.6435235439202724, 1.6228013258713943, 1.655012707832532, 1.627016351161859, 1.6714267828525642, 1.6671407063802084], "mae": [3.423529835236378, 3.2010366586538463, 2.4232633150540863, 2.143803210136218, 2.136991686698718, 2.055273750500801, 2.0716627854567307, 1.873138427734375, 1.955032739883814, 1.8074965256911057, 1.7611708420973557, 2.9570960411658653, 1.8835112742888622, 2.063708965594952, 1.725793926532452, 1.6542123647836537, 1.7655174842247596, 1.6491483248197116, 1.6526836688701922, 1.9423912635216347, 1.5731836563501602, 1.4947445600460738, 1.6488680326021634, 1.4201708671374198, 1.5078220465244392, 1.6078672751402243, 1.7043738731971154, 1.4073415902944713, 1.4212444598858174, 1.5271736340645032, 1.3372272198016828, 1.2803638164813702, 1.3160660181290065, 1.3179100623497597, 1.2906721848707932, 1.294248766776843, 1.2421964205228366, 1.3623799641927083, 1.172070782001202, 1.3938642452924679, 1.186275384364984, 1.7336169120592948, 1.1439400697365785, 1.1948472243088943, 1.1017154008914263, 1.1375411596053686, 1.1104664337940706, 1.0736362555088141, 1.070200445713141, 0.9963227883363381, 1.038090084760617, 1.0055901943108974, 1.034046896910056, 0.9562193259214744, 1.0541097005208333, 0.9994538918519631, 1.1294116680438702, 0.9919260660807292, 0.8909898024338943, 0.860841565254407, 0.8611470540364583, 0.8790251903044872, 0.8450359637920674, 0.8228673690404648, 0.8288531963641826, 0.8106476612580128, 0.8121285462990785, 0.7784718831380208, 0.8125482021233974, 0.7692852313701923, 0.7869537353515625, 0.8084134615384615, 0.7571282802483974, 0.7983306102263622, 0.7509839962690305, 0.744155023036859, 0.7637440999348958, 0.7487894694010416, 0.7614951891776843, 0.7749557103866186]}